,market_value_in_eur,market_value_in_eur,market_value_in_eur
,count,mean,sum
current_club_name,,,
1. Fußball- und Sportverein Mainz 05,35,205000.0,7175000
1. Fußballclub Heidenheim 1846,35,105000.0,3675000
1. Fußballclub Union Berlin,36,147916.67,5325000
1.FC Köln,30,147500.0,4425000
A.G.S Asteras Tripolis,47,184042.55,8650000
AE Kifisias,35,133571.43,4675000
AFC Ajax Amsterdam,38,371710.53,14125000
AO FK Zenit Sankt-Peterburg,40,423125.0,16925000
APO Levadiakos Football Club,25,110000.0,2750000
APS Atromitos Athinon,42,99404.76,4175000
Aalborg Boldspilklub,23,192391.3,4425000
Aarhus Gymnastik Forening,35,120000.0,4200000
Aberdeen Football Club,36,119444.44,4300000
Adana Demirspor Kulübü,44,150000.0,6600000
Akron Togliatti,25,136000.0,3400000
Alanyaspor,36,89583.33,3225000
Alkmaar Zaanstreek,35,257142.86,9000000
Almere City Football Club,42,117857.14,4950000
Angers Sporting Club de l'Ouest,27,188888.89,5100000
Antalyaspor,42,125595.24,5275000
Aris Thessalonikis,43,269767.44,11600000
Arsenal Football Club,33,1146969.7,37850000
Association Football Club Bournemouth,38,240131.58,9125000
Association de la Jeunesse auxerroise,27,412962.96,11150000
Association sportive de Monaco Football Club,36,345138.89,12425000
Association sportive de Saint-Étienne Loire,27,257407.41,6950000
Associazione Calcio Fiorentina,38,398684.21,15150000
Associazione Calcio Milan,37,546486.49,20220000
Associazione Calcio Monza,40,253125.0,10125000
Associazione Sportiva Roma,37,422567.57,15635000
Aston Villa Football Club,39,428205.13,16700000
Atalanta Bergamasca Calcio S.p.a.,39,303205.13,11825000
Athens Kallithea Football Club,28,145535.71,4075000
Athletic Club Bilbao,35,562142.86,19675000
Athlitiki Enosi Konstantinoupoleos,38,254605.26,9675000
Avs - Futebol SAD,28,648214.29,18150000
Baltika Kaliningrad,29,73275.86,2125000
Bayer 04 Leverkusen Fußball,29,601724.14,17450000
Beşiktaş Jimnastik Kulübü,40,188125.0,7525000
Boavista Futebol Clube,43,147093.02,6325000
Bodrumspor Spor Faaliyetleri Anonim Şirketi,29,84827.59,2460000
Bologna Football Club 1909,35,194285.71,6800000
Borussia Dortmund,33,693939.39,22900000
Borussia Verein für Leibesübungen 1900 Mönchengladbach,35,155000.0,5425000
Brentford Football Club,40,203125.0,8125000
Brighton and Hove Albion Football Club,44,938636.36,41300000
Brøndby Idrætsforening,36,133333.33,4800000
Burnley FC,26,453846.15,11800000
Cagliari Calcio,40,202500.0,8100000
Calcio Como,32,482812.5,15450000
Casa Pia Atlético Clube,44,174431.82,7675000
Cercle Brugge Koninklijke Sportvereniging,38,209868.42,7975000
Chelsea Football Club,50,832000.0,41600000
Clermont Foot 63,23,191304.35,4400000
Club Atlético Osasuna,29,134482.76,3900000
Club Atlético de Madrid S.A.D.,38,368421.05,14000000
Club Brugge Koninklijke Voetbalvereniging,32,275000.0,8800000
Club Deportivo Leganés S.A.D.,23,147826.09,3400000
Club Football Estrela da Amadora,53,168113.21,8910000
Clube Desportivo Nacional,29,173275.86,5025000
Clube Desportivo Santa Clara,23,216304.35,4975000
Crystal Palace Football Club,40,939375.0,37575000
Cádiz CF,37,213108.11,7885000
Deportivo Alavés S.A.D.,43,183720.93,7900000
Dinamo Makhachkala,25,88400.0,2210000
Dundee Football Club,42,132738.1,5575000
Dundee United Football Club,22,135227.27,2975000
Eindhovense Voetbalvereniging Philips Sport Vereniging,33,273484.85,9025000
Eintracht Frankfurt Fußball AG,43,402906.98,17325000
Empoli Football Club S.r.l.,49,335714.29,16450000
Everton Football Club,32,760468.75,24335000
Excelsior Rotterdam,21,421428.57,8850000
Eyüp Spor Kulübü,28,185714.29,5200000
FC Bayern München,36,319444.44,11500000
FC Ingulets Petrove,23,56521.74,1300000
FC Lorient,33,159090.91,5250000
FC Metz,26,217307.69,5650000
FC Minaj,27,67037.04,1810000
FC Oleksandriya,37,130405.41,4825000
FC Orenburg,40,82750.0,3310000
FC Rubin Kazan,41,113658.54,4660000
FC Rukh Lviv,36,111111.11,4000000
FC Shakhtar Donetsk,36,381944.44,13750000
FC Sochi,31,252741.94,7835000
FC Verbroedering Denderhoutem Denderleeuw Eendracht Hekelgem,28,125000.0,3500000
FC Vizela,24,138541.67,3325000
FC Volendam,33,80303.03,2650000
FC Zorya Lugansk,38,155263.16,5900000
FK Dinamo Moskva,39,139102.56,5425000
FK Fakel Voronezh,41,71707.32,2940000
FK Karpaty Lviv,29,128793.1,3735000
FK Khimki,24,97916.67,2350000
FK Kolos Kovalivka,35,92857.14,3250000
FK Krasnodar,31,195967.74,6075000
FK Kryvbas Kryvyi Rig,39,100256.41,3910000
FK Livyi Bereh,23,69565.22,1600000
FK Nizhny Novgorod,50,71500.0,3575000
FK Obolon Kyiv,34,94852.94,3225000
FK Polissya Zhytomyr,37,155675.68,5760000
FK Rostov,41,82926.83,3400000
FK Spartak Moskva,36,152083.33,5475000
Fatih Karagümrük,35,121428.57,4250000
Fenerbahçe Spor Kulübü,39,139743.59,5450000
Feyenoord Rotterdam,36,225694.44,8125000
Fodbold Club Midtjylland,41,181097.56,7425000
Fodbold Club Nordsjælland,30,156166.67,4685000
Football Club Groningen,27,117592.59,3175000
Football Club Internazionale Milano S.p.A.,34,235294.12,8000000
Football Club København,39,148076.92,5775000
Football Club Twente,28,220535.71,6175000
Football Club Utrecht,47,142340.43,6690000
Football Club de Nantes,40,261625.0,10465000
Fortuna Sittardia Combinatie,42,144047.62,6050000
Frosinone Calcio,30,221666.67,6650000
Fulham Football Club,35,714285.71,25000000
Futbol Club Barcelona,34,2823529.41,96000000
Futbolniy Klub Dynamo Kyiv,33,143181.82,4725000
Futebol Clube de Arouca,41,157926.83,6475000
Futebol Clube de Famalicão,37,202027.03,7475000
Futebol Clube do Porto,37,579054.05,21425000
Fußball-Club Augsburg 1907,42,202380.95,8500000
Fußball-Club St. Pauli von 1910,34,131911.76,4485000
GD Chaves,32,239843.75,7675000
Galatasaray Spor Kulübü,38,431578.95,16400000
Gaziantep Futbol Kulübü A.Ş.,49,139795.92,6850000
Genoa Cricket and Football Club,44,233522.73,10275000
Getafe Club de Fútbol S.A.D. Team Dubai,38,239473.68,9100000
Gil Vicente Futebol Clube,45,220000.0,9900000
Girona Fútbol Club S. A. D.,35,363571.43,12725000
Go Ahead Eagles,36,104166.67,3750000
Granada CF,36,181250.0,6525000
Grupo Desportivo Estoril Praia,41,195731.71,8025000
Göztepe Sportif Yatırımlar A.Ş.,26,285576.92,7425000
Hatayspor Futbol Kulübü,40,275000.0,11000000
Heart of Midlothian Football Club,42,214285.71,9000000
Heracles Almelo,41,93292.68,3825000
Hibernian Football Club,43,238953.49,10275000
Hvidovre IF,27,69444.44,1875000
Ipswich Town Football Club,29,392241.38,11375000
Istanbulspor,38,96315.79,3660000
Juventus Football Club,40,563125.0,22525000
KAS Eupen,28,118214.29,3310000
Kasımpaşa Spor Kulübü,44,150000.0,6600000
Kayserispor Kulübü,33,136666.67,4510000
Kieler Sportvereinigung Holstein von 1900,29,96551.72,2800000
Kilmarnock Football Club,31,87096.77,2700000
Koninklijke Atletiek Associatie Gent,41,201829.27,8275000
Koninklijke Beerschot Voetbalclub Antwerpen,29,484482.76,14050000
Koninklijke Racing Club Genk,33,241666.67,7975000
Koninklijke Sint-Truidense Voetbalvereniging,39,125641.03,4900000
Koninklijke Voetbal Club Westerlo,42,304761.9,12800000
Koninklijke Voetbalclub Kortrijk,44,166477.27,7325000
Konyaspor,52,109807.69,5710000
LNZ Cherkasy,43,123139.53,5295000
Le Havre Athletic Club,36,274583.33,9885000
Leicester City Football Club,29,806896.55,23400000
Lille Olympique Sporting Club,38,525000.0,19950000
Liverpool Football Club,44,705113.64,31025000
Livingston FC,32,86718.75,2775000
Luton Town,33,414393.94,13675000
Lyngby Boldklubben af 1921,41,173170.73,7100000
MKE Ankaragücü,32,84375.0,2700000
Manchester City Football Club,36,1503472.22,54125000
Manchester United Football Club,33,1062878.79,35075000
Metalist 1925 Kharkiv,31,105161.29,3260000
Montpellier Hérault Sport Club,35,253571.43,8875000
Moreirense Futebol Clube,46,204891.3,9425000
Motherwell Football Club,53,102830.19,5450000
NK Veres Rivne,38,99342.11,3775000
Newcastle United Football Club,44,634659.09,27925000
Nijmegen Eendracht Combinatie,38,215131.58,8175000
Nooit Opgeven Altijd Doorzetten Aangenaam Door Vermaak En Nuttig Door Ontspanning Combinatie Breda,30,92500.0,2775000
Nottingham Forest Football Club,40,1063125.0,42525000
Odense Boldklub,30,204166.67,6125000
Olympiakos Syndesmos Filathlon Peiraios,41,268292.68,11000000
Olympique Gymnaste Club Nice Côte d'Azur,33,749242.42,24725000
Olympique Lyonnais,30,698333.33,20950000
Olympique de Marseille,40,557500.0,22300000
Omilos Filathlon Irakliou FC,43,265116.28,11400000
Oud-Heverlee Leuven,44,184090.91,8100000
PAS Giannina,31,109838.71,3405000
PAS Lamia 1964,51,243137.25,12400000
PFK CSKA Moskva,34,195588.24,6650000
PFK Krylya Sovetov Samara,42,88571.43,3720000
Panathinaikos Athlitikos Omilos,42,461785.71,19395000
Panetolikos Agrinio,40,154375.0,6175000
Panserraikos Serres,47,88297.87,4150000
Panthessalonikios Athlitikos Omilos Konstantinoupoliton,41,320121.95,13125000
Paris Saint-Germain Football Club,28,924107.14,25875000
Parma Calcio 1913,31,233064.52,7225000
Pendikspor,28,147321.43,4125000
Portimonense SC,32,203125.0,6500000
Prins Hendrik Ende Desespereert Nimmer Combinatie Zwolle,38,98026.32,3725000
RFK Akhmat Grozny,39,150897.44,5885000
RWD Molenbeek,33,165909.09,5475000
Racing Club de Lens,38,315131.58,11975000
Racing Club de Strasbourg Alsace,39,428205.13,16700000
Randers Fodbold Club,43,94186.05,4050000
Rangers Football Club,39,495512.82,19325000
RasenBallsport Leipzig,30,305833.33,9175000
Rayo Vallecano de Madrid S.A.D.,34,310294.12,10550000
Real Betis Balompié S.A.D.,40,610000.0,24400000
Real Club Celta de Vigo S. A. D.,38,254210.53,9660000
Real Club Deportivo Mallorca S.A.D.,34,252941.18,8600000
Real Madrid Club de Fútbol,35,1574285.71,55100000
Real Sociedad de Fútbol S.A.D.,34,294852.94,10025000
Real Valladolid Club de Fútbol S.A.D.,26,234615.38,6100000
Reial Club Deportiu Espanyol de Barcelona S.A.D.,28,185714.29,5200000
Rio Ave Futebol Clube,46,230108.7,10585000
Rooms Katholieke Combinatie Waalwijk,37,206756.76,7650000
Ross County Football Club,47,152404.26,7163000
Royal Antwerp Football Club,37,158378.38,5860000
Royal Charleroi Sporting Club,38,162500.0,6175000
Royal Sporting Club Anderlecht,35,339285.71,11875000
Royal Standard Club de Liège,43,242162.79,10413000
Royale Union Saint-Gilloise,32,117500.0,3760000
SC Dnipro-1,13,115384.62,1500000
SV Darmstadt 98,28,104464.29,2925000
Saint Johnstone Football Club,47,138829.79,6525000
Saint Mirren Football Club,37,141486.49,5235000
Samsunspor,34,126470.59,4300000
Sevilla Fútbol Club S.A.D.,46,725000.0,33350000
Sheffield United,32,440625.0,14100000
Silkeborg Idrætsforening,36,79861.11,2875000
Sivasspor Kulübü,46,89673.91,4125000
Società Sportiva Calcio Napoli,33,547727.27,18075000
Società Sportiva Lazio S.p.A.,42,210119.05,8825000
Southampton Football Club,29,621551.72,18025000
Sparta Rotterdam,39,262179.49,10225000
Sport Lisboa e Benfica,37,523648.65,19375000
Sport-Club Freiburg,34,139705.88,4750000
Sportclub Heerenveen,39,162820.51,6350000
Sporting Clube Farense,44,223863.64,9850000
Sporting Clube de Braga,28,657142.86,18400000
Sporting Clube de Portugal,35,1222857.14,42800000
Sportverein Werder Bremen von 1899,38,189473.68,7200000
Stade Rennais Football Club,33,346969.7,11450000
Stade brestois 29,35,401428.57,14050000
Stade de Reims,31,325806.45,10100000
Sønderjyske Fodbold,26,77884.62,2025000
The Celtic Football Club,38,207894.74,7900000
Torino Calcio,48,298958.33,14350000
Tottenham Hotspur Football Club,37,815540.54,30175000
Toulouse Football Club,37,197297.3,7300000
Trabzonspor Kulübü,40,167500.0,6700000
Turn- und Sportgemeinschaft 1899 Hoffenheim Fußball-Spielbetriebs,40,404375.0,16175000
UD Almería,31,533064.52,16525000
US Salernitana 1919,27,182407.41,4925000
US Sassuolo,29,215862.07,6260000
Udinese Calcio,43,291511.63,12535000
Unione Sportiva Lecce,45,212222.22,9550000
Unión Deportiva Las Palmas S.A.D.,34,411029.41,13975000
Ural Yekaterinburg,24,171875.0,4125000
Valencia Club de Fútbol S. A. D.,36,228472.22,8225000
Vejle Boldklub,38,117368.42,4460000
Venezia Football Club,30,196666.67,5900000
Verein für Bewegungsspiele Stuttgart 1893,43,269767.44,11600000
Verein für Leibesübungen Bochum 1848 Fußballgemeinschaft,40,119375.0,4775000
Verein für Leibesübungen Wolfsburg,37,250000.0,9250000
Verona Hellas Football Club,52,339615.38,17660000
Viborg Fodsports Forening,37,86081.08,3185000
Villarreal Club de Fútbol S.A.D.,33,495454.55,16350000
Vitesse Arnhem,23,134782.61,3100000
Vitória Sport Clube,42,265476.19,11150000
Volou Neos Podosferikos Syllogos,48,149479.17,7175000
Vorskla Poltava,38,108552.63,4125000
West Ham United Football Club,39,353846.15,13800000
Willem II,26,80192.31,2085000
Wolverhampton Wanderers Football Club,45,553333.33,24900000
Yellow-Red Koninklijke Voetbalclub Mechelen,39,130128.21,5075000
ZAO FK Chornomorets Odessa,52,121826.92,6335000
"\Футбольный клуб \""\""Локомотив\""\"" Москва\""""",34,184558.82,6275000
Çaykur Rizespor Kulübü,50,98200.0,4910000
İstanbul Başakşehir Futbol Kulübü,44,168409.09,7410000
